"COL0","COL1","COL2"
"A0A","A0A",44930.00
"A0B","A0B",19287.00
"A0C","A0C",11972.00
"A0E","A0E",21209.00
"A0G","A0G",33316.00
"A0H","A0H",16743.00
"A0J","A0J",7497.00
"A0K","A0K",24659.00
"A0L","A0L",7503.00
"A0M","A0M",5468.00
"A0N","A0N",12387.00
"A0P","A0P",13058.00
"A0R","A0R",2661.00
"A1A","A1A",30086.00
"A1B","A1B",20906.00
"A1C","A1C",12713.00
"A1E","A1E",26858.00
"A1G","A1G",5808.00
"A1H","A1H",6469.00
"A1K","A1K",12348.00
"A1L","A1L",22959.00
"A1M","A1M",8405.00
"A1N","A1N",22478.00
"A1S","A1S",6103.00
"A1V","A1V",11890.00
"A1W","A1W",11179.00
"A1X","A1X",15945.00
"A1Y","A1Y",5436.00
"A2A","A2A",9277.00
"A2B","A2B",4739.00
"A2H","A2H",25290.00
"A2N","A2N",8613.00
"A2V","A2V",7447.00
"A5A","A5A",8436.00
"A8A","A8A",6475.00
"B0C","B0C",2748.00
"B0E","B0E",25919.00
"B0H","B0H",9796.00
"B0J","B0J",41032.00
"B0K","B0K",35141.00
"B0L","B0L",2335.00
"B0M","B0M",17448.00
"B0N","B0N",40484.00
"B0P","B0P",41544.00
"B0R","B0R",6090.00
"B0S","B0S",17873.00
"B0T","B0T",14729.00
"B0V","B0V",5658.00
"B0W","B0W",25890.00
"B1A","B1A",14988.00
"B1B","B1B",1237.00
"B1C","B1C",1698.00
"B1E","B1E",1533.00
"B1G","B1G",1796.00
"B1H","B1H",9146.00
"B1J","B1J",1148.00
"B1K","B1K",3336.00
"B1L","B1L",4952.00
"B1M","B1M",1271.00
"B1N","B1N",5605.00
"B1P","B1P",14704.00
"B1R","B1R",4478.00
"B1S","B1S",8826.00
"B1T","B1T",400.00
"B1V","B1V",6088.00
"B1W","B1W",3521.00
"B1X","B1X",921.00
"B1Y","B1Y",5941.00
"B2A","B2A",7711.00
"B2C","B2C",262.00
"B2E","B2E",54.00
"B2G","B2G",15318.00
"B2H","B2H",15332.00
"B2J","B2J",67.00
"B2N","B2N",20816.00
"B2R","B2R",2553.00
"B2S","B2S",8011.00
"B2T","B2T",17780.00
"B2V","B2V",12252.00
"B2W","B2W",33145.00
"B2X","B2X",12038.00
"B2Y","B2Y",15420.00
"B2Z","B2Z",8335.00
"B3A","B3A",21857.00
"B3B","B3B",1688.00
"B3E","B3E",7085.00
"B3G","B3G",11275.00
"B3H","B3H",20788.00
"B3J","B3J",9086.00
"B3K","B3K",23207.00
"B3L","B3L",18409.00
"B3M","B3M",37555.00
"B3N","B3N",14943.00
"B3P","B3P",11389.00
"B3R","B3R",9500.00
"B3S","B3S",13818.00
"B3T","B3T",17777.00
"B3V","B3V",6136.00
"B3Z","B3Z",17841.00
"B4A","B4A",18541.00
"B4B","B4B",19570.00
"B4C","B4C",18425.00
"B4E","B4E",19718.00
"B4G","B4G",5430.00
"B4H","B4H",13723.00
"B4N","B4N",18024.00
"B4P","B4P",8780.00
"B4R","B4R",2858.00
"B4V","B4V",20376.00
"B5A","B5A",16753.00
"B6L","B6L",12989.00
"B9A","B9A",4472.00
"C0A","C0A",48140.00
"C0B","C0B",29902.00
"C1A","C1A",25861.00
"C1B","C1B",14817.00
"C1C","C1C",5239.00
"C1E","C1E",12681.00
"C1N","C1N",17691.00
"E1A","E1A",48336.00
"E1B","E1B",20584.00
"E1C","E1C",25834.00
"E1E","E1E",11936.00
"E1G","E1G",24784.00
"E1H","E1H",7883.00
"E1J","E1J",3736.00
"E1N","E1N",11333.00
"E1V","E1V",13811.00
"E1W","E1W",6940.00
"E1X","E1X",14082.00
"E2A","E2A",17408.00
"E2E","E2E",19840.00
"E2G","E2G",5528.00
"E2H","E2H",4748.00
"E2J","E2J",16058.00
"E2K","E2K",18798.00
"E2L","E2L",8221.00
"E2M","E2M",18836.00
"E2N","E2N",4310.00
"E2P","E2P",1337.00
"E2R","E2R",10.00
"E2S","E2S",6970.00
"E2V","E2V",14545.00
"E3A","E3A",29462.00
"E3B","E3B",39788.00
"E3C","E3C",12321.00
"E3E","E3E",4719.00
"E3G","E3G",9122.00
"E3L","E3L",8439.00
"E3N","E3N",13467.00
"E3V","E3V",12142.00
"E3Y","E3Y",7113.00
"E3Z","E3Z",3965.00
"E4A","E4A",3001.00
"E4B","E4B",4263.00
"E4C","E4C",2451.00
"E4E","E4E",9163.00
"E4G","E4G",2714.00
"E4H","E4H",4208.00
"E4J","E4J",5001.00
"E4K","E4K",6398.00
"E4L","E4L",7746.00
"E4M","E4M",1937.00
"E4N","E4N",3895.00
"E4P","E4P",15900.00
"E4R","E4R",6883.00
"E4S","E4S",7276.00
"E4T","E4T",2192.00
"E4V","E4V",4518.00
"E4W","E4W",8603.00
"E4X","E4X",3090.00
"E4Y","E4Y",3059.00
"E4Z","E4Z",5871.00
"E5A","E5A",1622.00
"E5B","E5B",3331.00
"E5C","E5C",4356.00
"E5E","E5E",949.00
"E5G","E5G",2734.00
"E5H","E5H",2912.00
"E5J","E5J",2112.00
"E5K","E5K",7261.00
"E5L","E5L",2902.00
"E5M","E5M",2170.00
"E5N","E5N",12263.00
"E5P","E5P",2682.00
"E5R","E5R",1517.00
"E5S","E5S",1887.00
"E5T","E5T",3149.00
"E5V","E5V",718.00
"E6A","E6A",1237.00
"E6B","E6B",1574.00
"E6C","E6C",2104.00
"E6E","E6E",1492.00
"E6G","E6G",2655.00
"E6H","E6H",1216.00
"E6J","E6J",1234.00
"E6K","E6K",4086.00
"E6L","E6L",4823.00
"E7A","E7A",3705.00
"E7B","E7B",5641.00
"E7C","E7C",5061.00
"E7E","E7E",4097.00
"E7G","E7G",3621.00
"E7H","E7H",5601.00
"E7J","E7J",1904.00
"E7K","E7K",2406.00
"E7L","E7L",5099.00
"E7M","E7M",10438.00
"E7N","E7N",3157.00
"E7P","E7P",3471.00
"E8A","E8A",3644.00
"E8B","E8B",2305.00
"E8C","E8C",3699.00
"E8E","E8E",5117.00
"E8G","E8G",2468.00
"E8J","E8J",5624.00
"E8K","E8K",8712.00
"E8L","E8L",2256.00
"E8M","E8M",2021.00
"E8N","E8N",2396.00
"E8P","E8P",3408.00
"E8R","E8R",3125.00
"E8S","E8S",4610.00
"E8T","E8T",5713.00
"E9A","E9A",2229.00
"E9B","E9B",2274.00
"E9C","E9C",2149.00
"E9E","E9E",3870.00
"E9G","E9G",5297.00
"E9H","E9H",2931.00
"G0A","G0A",83411.00
"G0C","G0C",45955.00
"G0E","G0E",4630.00
"G0G","G0G",16315.00
"G0H","G0H",10538.00
"G0J","G0J",29007.00
"G0K","G0K",11722.00
"G0L","G0L",60937.00
"G0M","G0M",34401.00
"G0N","G0N",19994.00
"G0P","G0P",6786.00
"G0R","G0R",84338.00
"G0S","G0S",72494.00
"G0T","G0T",13560.00
"G0V","G0V",18374.00
"G0W","G0W",36541.00
"G0X","G0X",60486.00
"G0Y","G0Y",9320.00
"G0Z","G0Z",8974.00
"G1B","G1B",16698.00
"G1C","G1C",36215.00
"G1E","G1E",27753.00
"G1G","G1G",24975.00
"G1H","G1H",29618.00
"G1J","G1J",23325.00
"G1K","G1K",18911.00
"G1L","G1L",22024.00
"G1M","G1M",20770.00
"G1N","G1N",8400.00
"G1P","G1P",16538.00
"G1R","G1R",16423.00
"G1S","G1S",25912.00
"G1T","G1T",6797.00
"G1V","G1V",23629.00
"G1W","G1W",22499.00
"G1X","G1X",26746.00
"G1Y","G1Y",12738.00
"G2A","G2A",15350.00
"G2B","G2B",24936.00
"G2C","G2C",12283.00
"G2E","G2E",21054.00
"G2G","G2G",10790.00
"G2J","G2J",3223.00
"G2K","G2K",12845.00
"G2L","G2L",14609.00
"G2M","G2M",5625.00
"G2N","G2N",8486.00
"G3A","G3A",20233.00
"G3B","G3B",8315.00
"G3C","G3C",10434.00
"G3E","G3E",16115.00
"G3G","G3G",10026.00
"G3H","G3H",10142.00
"G3J","G3J",10635.00
"G3K","G3K",20396.00
"G3L","G3L",11103.00
"G3M","G3M",7436.00
"G3N","G3N",11114.00
"G3S","G3S",6647.00
"G3Z","G3Z",7371.00
"G4A","G4A",3063.00
"G4R","G4R",20327.00
"G4S","G4S",4931.00
"G4T","G4T",12654.00
"G4V","G4V",6288.00
"G4W","G4W",13988.00
"G4X","G4X",15063.00
"G4Z","G4Z",9389.00
"G5A","G5A",8283.00
"G5B","G5B",5976.00
"G5C","G5C",11390.00
"G5H","G5H",6974.00
"G5J","G5J",6010.00
"G5L","G5L",28733.00
"G5M","G5M",8829.00
"G5N","G5N",8375.00
"G5R","G5R",20118.00
"G5T","G5T",2884.00
"G5V","G5V",10999.00
"G5X","G5X",6181.00
"G5Y","G5Y",23088.00
"G5Z","G5Z",7603.00
"G6A","G6A",2546.00
"G6B","G6B",8404.00
"G6C","G6C",7959.00
"G6E","G6E",13110.00
"G6G","G6G",20356.00
"G6H","G6H",7097.00
"G6J","G6J",10627.00
"G6K","G6K",8237.00
"G6L","G6L",15293.00
"G6P","G6P",29578.00
"G6R","G6R",4702.00
"G6S","G6S",5384.00
"G6T","G6T",11201.00
"G6V","G6V",32034.00
"G6W","G6W",25242.00
"G6X","G6X",9307.00
"G6Y","G6Y",7232.00
"G6Z","G6Z",23582.00
"G7A","G7A",25429.00
"G7B","G7B",17614.00
"G7G","G7G",16414.00
"G7H","G7H",28684.00
"G7J","G7J",14443.00
"G7K","G7K",762.00
"G7N","G7N",6389.00
"G7P","G7P",7418.00
"G7S","G7S",19807.00
"G7T","G7T",1640.00
"G7X","G7X",25550.00
"G7Y","G7Y",628.00
"G7Z","G7Z",2638.00
"G8A","G8A",6033.00
"G8B","G8B",22060.00
"G8C","G8C",4412.00
"G8E","G8E",3837.00
"G8G","G8G",4121.00
"G8H","G8H",10040.00
"G8J","G8J",4259.00
"G8K","G8K",10089.00
"G8L","G8L",14282.00
"G8M","G8M",5173.00
"G8N","G8N",2511.00
"G8P","G8P",7310.00
"G8T","G8T",27831.00
"G8V","G8V",9956.00
"G8W","G8W",11010.00
"G8Y","G8Y",33298.00
"G8Z","G8Z",13972.00
"G9A","G9A",20399.00
"G9B","G9B",18680.00
"G9C","G9C",4017.00
"G9H","G9H",13559.00
"G9N","G9N",16125.00
"G9P","G9P",11567.00
"G9R","G9R",2324.00
"G9T","G9T",15940.00
"G9X","G9X",10610.00
"H1A","H1A",33158.00
"H1B","H1B",20651.00
"H1C","H1C",15085.00
"H1E","H1E",42568.00
"H1G","H1G",50989.00
"H1H","H1H",37847.00
"H1J","H1J",10587.00
"H1K","H1K",37304.00
"H1L","H1L",34612.00
"H1M","H1M",29352.00
"H1N","H1N",24444.00
"H1P","H1P",18118.00
"H1R","H1R",31259.00
"H1S","H1S",26715.00
"H1T","H1T",31318.00
"H1V","H1V",21908.00
"H1W","H1W",30004.00
"H1X","H1X",30178.00
"H1Y","H1Y",29286.00
"H1Z","H1Z",36487.00
"H2A","H2A",19454.00
"H2B","H2B",18049.00
"H2C","H2C",17976.00
"H2E","H2E",23507.00
"H2G","H2G",22115.00
"H2H","H2H",14728.00
"H2J","H2J",27028.00
"H2K","H2K",29084.00
"H2L","H2L",27057.00
"H2M","H2M",18468.00
"H2N","H2N",6442.00
"H2P","H2P",14388.00
"H2R","H2R",22987.00
"H2S","H2S",27217.00
"H2T","H2T",16297.00
"H2V","H2V",31998.00
"H2W","H2W",11508.00
"H2X","H2X",21548.00
"H2Y","H2Y",3727.00
"H2Z","H2Z",3757.00
"H3A","H3A",4360.00
"H3B","H3B",1900.00
"H3C","H3C",18583.00
"H3E","H3E",21565.00
"H3G","H3G",11424.00
"H3H","H3H",20690.00
"H3J","H3J",11915.00
"H3K","H3K",15275.00
"H3L","H3L",20996.00
"H3M","H3M",15840.00
"H3N","H3N",29080.00
"H3P","H3P",10172.00
"H3R","H3R",10108.00
"H3S","H3S",33618.00
"H3T","H3T",13009.00
"H3V","H3V",6732.00
"H3W","H3W",30766.00
"H3X","H3X",24214.00
"H3Y","H3Y",9564.00
"H3Z","H3Z",11544.00
"H4A","H4A",26362.00
"H4B","H4B",20937.00
"H4C","H4C",17301.00
"H4E","H4E",30154.00
"H4G","H4G",29860.00
"H4H","H4H",18936.00
"H4J","H4J",18075.00
"H4K","H4K",11319.00
"H4L","H4L",36216.00
"H4M","H4M",12466.00
"H4N","H4N",30199.00
"H4P","H4P",9106.00
"H4R","H4R",31132.00
"H4S","H4S",567.00
"H4T","H4T",0.00
"H4V","H4V",20701.00
"H4W","H4W",26359.00
"H4X","H4X",6467.00
"H7A","H7A",21639.00
"H7B","H7B",2957.00
"H7C","H7C",8816.00
"H7E","H7E",26590.00
"H7G","H7G",22054.00
"H7H","H7H",13865.00
"H7J","H7J",2161.00
"H7K","H7K",22475.00
"H7L","H7L",37893.00
"H7M","H7M",27729.00
"H7N","H7N",44641.00
"H7P","H7P",37456.00
"H7R","H7R",31001.00
"H7S","H7S",7752.00
"H7T","H7T",28213.00
"H7V","H7V",23242.00
"H7W","H7W",42580.00
"H7X","H7X",27332.00
"H7Y","H7Y",9978.00
"H8N","H8N",33207.00
"H8P","H8P",22980.00
"H8R","H8R",31491.00
"H8S","H8S",25686.00
"H8T","H8T",15270.00
"H8Y","H8Y",19915.00
"H8Z","H8Z",15127.00
"H9A","H9A",15267.00
"H9B","H9B",21104.00
"H9C","H9C",11725.00
"H9E","H9E",3190.00
"H9G","H9G",15346.00
"H9H","H9H",25097.00
"H9J","H9J",21393.00
"H9K","H9K",8898.00
"H9P","H9P",3836.00
"H9R","H9R",26002.00
"H9S","H9S",22984.00
"H9W","H9W",19277.00
"H9X","H9X",9744.00
"J0A","J0A",19149.00
"J0B","J0B",65700.00
"J0C","J0C",23445.00
"J0E","J0E",51896.00
"J0G","J0G",18624.00
"J0H","J0H",52946.00
"J0J","J0J",42141.00
"J0K","J0K",149238.00
"J0L","J0L",83316.00
"J0M","J0M",25104.00
"J0N","J0N",52112.00
"J0P","J0P",42965.00
"J0R","J0R",39041.00
"J0S","J0S",34124.00
"J0T","J0T",51466.00
"J0V","J0V",27294.00
"J0W","J0W",16608.00
"J0X","J0X",48487.00
"J0Y","J0Y",29035.00
"J0Z","J0Z",34456.00
"J1A","J1A",9132.00
"J1C","J1C",6841.00
"J1E","J1E",25866.00
"J1G","J1G",19632.00
"J1H","J1H",29653.00
"J1J","J1J",15452.00
"J1K","J1K",7435.00
"J1L","J1L",16036.00
"J1M","J1M",5923.00
"J1N","J1N",35087.00
"J1R","J1R",10960.00
"J1S","J1S",7862.00
"J1T","J1T",7993.00
"J1X","J1X",33945.00
"J1Z","J1Z",5742.00
"J2A","J2A",12264.00
"J2B","J2B",33110.00
"J2C","J2C",29991.00
"J2E","J2E",4454.00
"J2G","J2G",28297.00
"J2H","J2H",22474.00
"J2J","J2J",18341.00
"J2K","J2K",18291.00
"J2L","J2L",11381.00
"J2M","J2M",7238.00
"J2N","J2N",10149.00
"J2R","J2R",10383.00
"J2S","J2S",29943.00
"J2T","J2T",17072.00
"J2W","J2W",28762.00
"J2X","J2X",20485.00
"J2Y","J2Y",5576.00
"J3A","J3A",9136.00
"J3B","J3B",33908.00
"J3E","J3E",30045.00
"J3G","J3G",33664.00
"J3H","J3H",26673.00
"J3L","J3L",53680.00
"J3M","J3M",11345.00
"J3N","J3N",17053.00
"J3P","J3P",25025.00
"J3R","J3R",14452.00
"J3T","J3T",8620.00
"J3V","J3V",26050.00
"J3X","J3X",21198.00
"J3Y","J3Y",66364.00
"J3Z","J3Z",5774.00
"J4B","J4B",41743.00
"J4G","J4G",10010.00
"J4H","J4H",15593.00
"J4J","J4J",31102.00
"J4K","J4K",27024.00
"J4L","J4L",31866.00
"J4M","J4M",13149.00
"J4N","J4N",11382.00
"J4P","J4P",11249.00
"J4R","J4R",10674.00
"J4S","J4S",6303.00
"J4T","J4T",19718.00
"J4V","J4V",17033.00
"J4W","J4W",18191.00
"J4X","J4X",19192.00
"J4Y","J4Y",25459.00
"J4Z","J4Z",28686.00
"J5A","J5A",29922.00
"J5B","J5B",8319.00
"J5C","J5C",17347.00
"J5J","J5J",18080.00
"J5K","J5K",17740.00
"J5L","J5L",22965.00
"J5M","J5M",24005.00
"J5N","J5N",169.00
"J5R","J5R",49403.00
"J5T","J5T",14425.00
"J5V","J5V",7340.00
"J5W","J5W",26780.00
"J5X","J5X",8892.00
"J5Y","J5Y",30084.00
"J5Z","J5Z",28005.00
"J6A","J6A",34313.00
"J6E","J6E",46434.00
"J6J","J6J",24855.00
"J6K","J6K",25960.00
"J6N","J6N",16014.00
"J6R","J6R",14626.00
"J6S","J6S",24765.00
"J6T","J6T",18022.00
"J6V","J6V",14621.00
"J6W","J6W",32422.00
"J6X","J6X",25257.00
"J6Y","J6Y",22926.00
"J6Z","J6Z",19627.00
"J7A","J7A",14187.00
"J7B","J7B",13068.00
"J7C","J7C",46679.00
"J7E","J7E",29356.00
"J7G","J7G",17310.00
"J7H","J7H",8185.00
"J7J","J7J",27644.00
"J7K","J7K",36960.00
"J7L","J7L",14223.00
"J7M","J7M",24708.00
"J7N","J7N",33449.00
"J7P","J7P",25226.00
"J7R","J7R",37992.00
"J7T","J7T",29584.00
"J7V","J7V",69657.00
"J7W","J7W",14751.00
"J7X","J7X",5643.00
"J7Y","J7Y",27006.00
"J7Z","J7Z",30230.00
"J8A","J8A",10669.00
"J8B","J8B",14012.00
"J8C","J8C",11667.00
"J8E","J8E",11046.00
"J8G","J8G",8209.00
"J8H","J8H",15142.00
"J8L","J8L",20056.00
"J8M","J8M",13157.00
"J8N","J8N",13833.00
"J8P","J8P",35320.00
"J8R","J8R",28947.00
"J8T","J8T",37832.00
"J8V","J8V",27274.00
"J8X","J8X",11782.00
"J8Y","J8Y",23803.00
"J8Z","J8Z",14814.00
"J9A","J9A",22508.00
"J9B","J9B",7999.00
"J9E","J9E",7664.00
"J9H","J9H",32921.00
"J9J","J9J",41342.00
"J9L","J9L",14164.00
"J9P","J9P",33008.00
"J9T","J9T",13221.00
"J9V","J9V",3409.00
"J9X","J9X",22993.00
"J9Y","J9Y",10755.00
"J9Z","J9Z",7411.00
"K0A","K0A",111626.00
"K0B","K0B",21020.00
"K0C","K0C",52838.00
"K0E","K0E",39649.00
"K0G","K0G",39862.00
"K0H","K0H",47286.00
"K0J","K0J",34322.00
"K0K","K0K",115850.00
"K0L","K0L",78142.00
"K0M","K0M",53815.00
"K1A","K1A",594.00
"K1B","K1B",17769.00
"K1C","K1C",37235.00
"K1E","K1E",14508.00
"K1G","K1G",35074.00
"K1H","K1H",16306.00
"K1J","K1J",28268.00
"K1K","K1K",32046.00
"K1L","K1L",18213.00
"K1M","K1M",6764.00
"K1N","K1N",26639.00
"K1P","K1P",645.00
"K1R","K1R",20343.00
"K1S","K1S",31257.00
"K1T","K1T",40054.00
"K1V","K1V",57157.00
"K1W","K1W",13825.00
"K1X","K1X",4594.00
"K1Y","K1Y",20712.00
"K1Z","K1Z",22714.00
"K2A","K2A",17156.00
"K2B","K2B",33254.00
"K2C","K2C",29359.00
"K2E","K2E",20172.00
"K2G","K2G",50692.00
"K2H","K2H",26759.00
"K2J","K2J",81863.00
"K2K","K2K",24922.00
"K2L","K2L",18739.00
"K2M","K2M",28708.00
"K2P","K2P",18825.00
"K2R","K2R",1237.00
"K2S","K2S",38903.00
"K2T","K2T",11871.00
"K2V","K2V",10486.00
"K2W","K2W",8553.00
"K4A","K4A",62125.00
"K4B","K4B",4704.00
"K4C","K4C",4538.00
"K4K","K4K",16958.00
"K4M","K4M",14380.00
"K4P","K4P",10448.00
"K4R","K4R",8740.00
"K6A","K6A",12529.00
"K6H","K6H",30440.00
"K6J","K6J",17827.00
"K6K","K6K",3452.00
"K6T","K6T",690.00
"K6V","K6V",28174.00
"K7A","K7A",17575.00
"K7C","K7C",20382.00
"K7G","K7G",8740.00
"K7H","K7H",16175.00
"K7K","K7K",33705.00
"K7L","K7L",19621.00
"K7M","K7M",49268.00
"K7N","K7N",8395.00
"K7P","K7P",24660.00
"K7R","K7R",15480.00
"K7S","K7S",14265.00
"K7V","K7V",13943.00
"K8A","K8A",26392.00
"K8B","K8B",490.00
"K8H","K8H",16188.00
"K8N","K8N",30393.00
"K8P","K8P",23166.00
"K8R","K8R",2012.00
"K8V","K8V",28936.00
"K9A","K9A",26757.00
"K9H","K9H",29704.00
"K9J","K9J",44547.00
"K9K","K9K",13359.00
"K9L","K9L",7813.00
"K9V","K9V",29369.00
"L0A","L0A",15325.00
"L0B","L0B",15501.00
"L0C","L0C",9486.00
"L0E","L0E",21898.00
"L0G","L0G",44945.00
"L0H","L0H",1223.00
"L0J","L0J",4945.00
"L0K","L0K",38386.00
"L0L","L0L",42022.00
"L0M","L0M",37226.00
"L0N","L0N",2395.00
"L0P","L0P",7779.00
"L0R","L0R",83602.00
"L0S","L0S",60409.00
"L1A","L1A",15845.00
"L1B","L1B",13203.00
"L1C","L1C",50217.00
"L1E","L1E",28325.00
"L1G","L1G",43497.00
"L1H","L1H",32298.00
"L1J","L1J",43107.00
"L1K","L1K",43574.00
"L1L","L1L",12976.00
"L1M","L1M",22542.00
"L1N","L1N",49649.00
"L1P","L1P",22928.00
"L1R","L1R",42221.00
"L1S","L1S",42045.00
"L1T","L1T",52632.00
"L1V","L1V",52787.00
"L1W","L1W",18433.00
"L1X","L1X",24639.00
"L1Y","L1Y",1976.00
"L1Z","L1Z",31989.00
"L2A","L2A",17293.00
"L2E","L2E",18587.00
"L2G","L2G",30344.00
"L2H","L2H",29820.00
"L2J","L2J",14908.00
"L2M","L2M",33704.00
"L2N","L2N",30719.00
"L2P","L2P",15128.00
"L2R","L2R",25558.00
"L2S","L2S",19400.00
"L2T","L2T",11401.00
"L2V","L2V",19795.00
"L2W","L2W",1959.00
"L3B","L3B",25869.00
"L3C","L3C",33462.00
"L3K","L3K",19458.00
"L3L","L3L",879.00
"L3M","L3M",28433.00
"L3P","L3P",37336.00
"L3R","L3R",62060.00
"L3S","L3S",55403.00
"L3T","L3T",50405.00
"L3V","L3V",48651.00
"L3X","L3X",45284.00
"L3Y","L3Y",43556.00
"L3Z","L3Z",41072.00
"L4A","L4A",50389.00
"L4B","L4B",36080.00
"L4C","L4C",74636.00
"L4E","L4E",54606.00
"L4G","L4G",62061.00
"L4H","L4H",77353.00
"L4J","L4J",75120.00
"L4K","L4K",20172.00
"L4L","L4L",55426.00
"L4M","L4M",46902.00
"L4N","L4N",100835.00
"L4P","L4P",29861.00
"L4R","L4R",19245.00
"L4S","L4S",36688.00
"L4T","L4T",38182.00
"L4V","L4V",5.00
"L4W","L4W",19744.00
"L4X","L4X",18719.00
"L4Y","L4Y",23490.00
"L4Z","L4Z",37218.00
"L5A","L5A",47406.00
"L5B","L5B",67131.00
"L5C","L5C",29284.00
"L5E","L5E",12972.00
"L5G","L5G",20714.00
"L5H","L5H",17409.00
"L5J","L5J",28208.00
"L5K","L5K",13363.00
"L5L","L5L",43585.00
"L5M","L5M",106468.00
"L5N","L5N",83700.00
"L5R","L5R",37022.00
"L5S","L5S",27.00
"L5T","L5T",19.00
"L5V","L5V",49149.00
"L5W","L5W",24145.00
"L6A","L6A",89287.00
"L6B","L6B",34763.00
"L6C","L6C",51738.00
"L6E","L6E",38387.00
"L6G","L6G",8364.00
"L6H","L6H",72662.00
"L6J","L6J",24420.00
"L6K","L6K",14118.00
"L6L","L6L",30012.00
"L6M","L6M",72547.00
"L6P","L6P",91155.00
"L6R","L6R",93783.00
"L6S","L6S",54361.00
"L6T","L6T",39614.00
"L6V","L6V",42392.00
"L6W","L6W",23547.00
"L6X","L6X",76113.00
"L6Y","L6Y",97601.00
"L6Z","L6Z",33888.00
"L7A","L7A",104009.00
"L7B","L7B",17809.00
"L7C","L7C",33846.00
"L7E","L7E",34516.00
"L7G","L7G",48051.00
"L7J","L7J",13766.00
"L7K","L7K",8486.00
"L7L","L7L",47433.00
"L7M","L7M",48498.00
"L7N","L7N",13160.00
"L7P","L7P",29777.00
"L7R","L7R",17338.00
"L7S","L7S",12207.00
"L7T","L7T",18555.00
"L8B","L8B",25778.00
"L8E","L8E",41927.00
"L8G","L8G",21805.00
"L8H","L8H",26187.00
"L8J","L8J",29146.00
"L8K","L8K",32598.00
"L8L","L8L",32312.00
"L8M","L8M",13774.00
"L8N","L8N",15568.00
"L8P","L8P",24773.00
"L8R","L8R",11651.00
"L8S","L8S",15787.00
"L8T","L8T",19405.00
"L8V","L8V",21165.00
"L8W","L8W",26077.00
"L9A","L9A",25899.00
"L9B","L9B",25025.00
"L9C","L9C",41202.00
"L9E","L9E",16933.00
"L9G","L9G",25020.00
"L9H","L9H",31221.00
"L9J","L9J",2272.00
"L9K","L9K",15928.00
"L9L","L9L",14620.00
"L9M","L9M",16607.00
"L9N","L9N",21656.00
"L9P","L9P",17383.00
"L9R","L9R",25949.00
"L9S","L9S",33434.00
"L9T","L9T",110956.00
"L9V","L9V",17750.00
"L9W","L9W",48790.00
"L9X","L9X",12896.00
"L9Y","L9Y",28925.00
"L9Z","L9Z",24849.00
"M1B","M1B",65555.00
"M1C","M1C",35642.00
"M1E","M1E",48033.00
"M1G","M1G",30894.00
"M1H","M1H",23964.00
"M1J","M1J",37002.00
"M1K","M1K",48175.00
"M1L","M1L",35833.00
"M1M","M1M",23258.00
"M1N","M1N",22976.00
"M1P","M1P",45170.00
"M1R","M1R",30467.00
"M1S","M1S",37663.00
"M1T","M1T",34607.00
"M1V","M1V",50825.00
"M1W","M1W",47070.00
"M1X","M1X",14810.00
"M2H","M2H",23396.00
"M2J","M2J",61761.00
"M2K","M2K",25377.00
"M2L","M2L",11274.00
"M2M","M2M",31915.00
"M2N","M2N",75100.00
"M2P","M2P",7546.00
"M2R","M2R",40581.00
"M3A","M3A",34361.00
"M3B","M3B",12880.00
"M3C","M3C",39616.00
"M3H","M3H",38416.00
"M3J","M3J",26600.00
"M3K","M3K",7865.00
"M3L","M3L",19263.00
"M3M","M3M",24906.00
"M3N","M3N",40846.00
"M4A","M4A",14589.00
"M4B","M4B",18612.00
"M4C","M4C",46440.00
"M4E","M4E",25473.00
"M4G","M4G",19598.00
"M4H","M4H",18698.00
"M4J","M4J",35128.00
"M4K","M4K",30913.00
"M4L","M4L",32218.00
"M4M","M4M",25052.00
"M4N","M4N",16058.00
"M4P","M4P",25057.00
"M4R","M4R",11909.00
"M4S","M4S",30754.00
"M4T","M4T",10332.00
"M4V","M4V",19273.00
"M4W","M4W",15296.00
"M4X","M4X",19896.00
"M4Y","M4Y",36319.00
"M5A","M5A",48978.00
"M5B","M5B",17422.00
"M5C","M5C",3149.00
"M5E","M5E",11779.00
"M5G","M5G",9751.00
"M5H","M5H",3248.00
"M5J","M5J",16879.00
"M5M","M5M",25495.00
"M5N","M5N",16154.00
"M5P","M5P",19791.00
"M5R","M5R",26197.00
"M5S","M5S",17074.00
"M5T","M5T",17903.00
"M5V","M5V",59912.00
"M6A","M6A",22380.00
"M6B","M6B",28534.00
"M6C","M6C",23997.00
"M6E","M6E",37684.00
"M6G","M6G",30600.00
"M6H","M6H",43730.00
"M6J","M6J",32111.00
"M6K","M6K",42110.00
"M6L","M6L",20156.00
"M6M","M6M",42148.00
"M6N","M6N",40252.00
"M6P","M6P",39870.00
"M6R","M6R",19349.00
"M6S","M6S",34029.00
"M7A","M7A",5.00
"M8V","M8V",44144.00
"M8W","M8W",22381.00
"M8X","M8X",10624.00
"M8Y","M8Y",21986.00
"M8Z","M8Z",19312.00
"M9A","M9A",36642.00
"M9B","M9B",33236.00
"M9C","M9C",38725.00
"M9L","M9L",11737.00
"M9M","M9M",24245.00
"M9N","M9N",26059.00
"M9P","M9P",20645.00
"M9R","M9R",33783.00
"M9V","M9V",53878.00
"M9W","M9W",40977.00
"N0A","N0A",31957.00
"N0B","N0B",86919.00
"N0C","N0C",17537.00
"N0E","N0E",36557.00
"N0G","N0G",86935.00
"N0H","N0H",53674.00
"N0J","N0J",33457.00
"N0K","N0K",24817.00
"N0L","N0L",49817.00
"N0M","N0M",69177.00
"N0N","N0N",42297.00
"N0P","N0P",53140.00
"N0R","N0R",50203.00
"N1A","N1A",12614.00
"N1C","N1C",3678.00
"N1E","N1E",44799.00
"N1G","N1G",29688.00
"N1H","N1H",42178.00
"N1K","N1K",10908.00
"N1L","N1L",17474.00
"N1M","N1M",18498.00
"N1P","N1P",7991.00
"N1R","N1R",42928.00
"N1S","N1S",20171.00
"N1T","N1T",18513.00
"N2A","N2A",32454.00
"N2B","N2B",16939.00
"N2C","N2C",17681.00
"N2E","N2E",40428.00
"N2G","N2G",14580.00
"N2H","N2H",22456.00
"N2J","N2J",20899.00
"N2K","N2K",29381.00
"N2L","N2L",37953.00
"N2M","N2M",36494.00
"N2N","N2N",26596.00
"N2P","N2P",25040.00
"N2R","N2R",18445.00
"N2T","N2T",20634.00
"N2V","N2V",19428.00
"N2Z","N2Z",12341.00
"N3A","N3A",17045.00
"N3B","N3B",13190.00
"N3C","N3C",27518.00
"N3E","N3E",2802.00
"N3H","N3H",24306.00
"N3L","N3L",17676.00
"N3P","N3P",8542.00
"N3R","N3R",35858.00
"N3S","N3S",27527.00
"N3T","N3T",37406.00
"N3V","N3V",1562.00
"N3W","N3W",15805.00
"N3Y","N3Y",23402.00
"N4B","N4B",8223.00
"N4G","N4G",21519.00
"N4K","N4K",28975.00
"N4L","N4L",8337.00
"N4N","N4N",10341.00
"N4S","N4S",33055.00
"N4T","N4T",15161.00
"N4V","N4V",3477.00
"N4W","N4W",13311.00
"N4X","N4X",9946.00
"N4Z","N4Z",2362.00
"N5A","N5A",32898.00
"N5C","N5C",15721.00
"N5H","N5H",15625.00
"N5L","N5L",3714.00
"N5P","N5P",21081.00
"N5R","N5R",30680.00
"N5V","N5V",32961.00
"N5W","N5W",24740.00
"N5X","N5X",36963.00
"N5Y","N5Y",35934.00
"N5Z","N5Z",24067.00
"N6A","N6A",13810.00
"N6B","N6B",11101.00
"N6C","N6C",30629.00
"N6E","N6E",28140.00
"N6G","N6G",50940.00
"N6H","N6H",44215.00
"N6J","N6J",27497.00
"N6K","N6K",37596.00
"N6L","N6L",5167.00
"N6M","N6M",8542.00
"N6N","N6N",728.00
"N6P","N6P",10943.00
"N7A","N7A",12495.00
"N7G","N7G",19921.00
"N7L","N7L",25127.00
"N7M","N7M",25579.00
"N7S","N7S",28410.00
"N7T","N7T",26033.00
"N7V","N7V",11611.00
"N7W","N7W",2578.00
"N7X","N7X",1129.00
"N8A","N8A",12624.00
"N8H","N8H",27530.00
"N8M","N8M",11819.00
"N8N","N8N",24534.00
"N8P","N8P",14603.00
"N8R","N8R",12733.00
"N8S","N8S",22354.00
"N8T","N8T",17935.00
"N8W","N8W",24057.00
"N8X","N8X",16457.00
"N8Y","N8Y",19254.00
"N9A","N9A",26107.00
"N9B","N9B",19613.00
"N9C","N9C",12538.00
"N9E","N9E",21465.00
"N9G","N9G",20712.00
"N9H","N9H",13173.00
"N9J","N9J",20089.00
"N9K","N9K",2757.00
"N9V","N9V",21688.00
"N9Y","N9Y",15836.00
"P0A","P0A",17822.00
"P0B","P0B",9589.00
"P0C","P0C",4824.00
"P0E","P0E",3606.00
"P0G","P0G",3553.00
"P0H","P0H",31909.00
"P0J","P0J",20179.00
"P0K","P0K",11456.00
"P0L","P0L",22859.00
"P0M","P0M",49727.00
"P0N","P0N",9435.00
"P0P","P0P",20285.00
"P0R","P0R",12976.00
"P0S","P0S",10170.00
"P0T","P0T",32000.00
"P0V","P0V",22944.00
"P0W","P0W",6454.00
"P0X","P0X",8410.00
"P0Y","P0Y",96.00
"P1A","P1A",16959.00
"P1B","P1B",33113.00
"P1C","P1C",3371.00
"P1H","P1H",18099.00
"P1L","P1L",17984.00
"P1P","P1P",11083.00
"P2A","P2A",14695.00
"P2B","P2B",9754.00
"P2N","P2N",6944.00
"P3A","P3A",24326.00
"P3B","P3B",16434.00
"P3C","P3C",17596.00
"P3E","P3E",29132.00
"P3G","P3G",4167.00
"P3L","P3L",7996.00
"P3N","P3N",7980.00
"P3P","P3P",15408.00
"P3Y","P3Y",7757.00
"P4N","P4N",24098.00
"P4P","P4P",3232.00
"P4R","P4R",4795.00
"P5A","P5A",11372.00
"P5E","P5E",5427.00
"P5N","P5N",8260.00
"P6A","P6A",33800.00
"P6B","P6B",22754.00
"P6C","P6C",18766.00
"P7A","P7A",28587.00
"P7B","P7B",22675.00
"P7C","P7C",21695.00
"P7E","P7E",20897.00
"P7G","P7G",13238.00
"P7J","P7J",4859.00
"P7K","P7K",6801.00
"P7L","P7L",2188.00
"P8N","P8N",9619.00
"P8T","P8T",5541.00
"P9A","P9A",10079.00
"P9N","P9N",14088.00
"R0A","R0A",43242.00
"R0B","R0B",42205.00
"R0C","R0C",56940.00
"R0E","R0E",39578.00
"R0G","R0G",43710.00
"R0H","R0H",17902.00
"R0J","R0J",29050.00
"R0K","R0K",28076.00
"R0L","R0L",26272.00
"R0M","R0M",19451.00
"R1A","R1A",21473.00
"R1B","R1B",280.00
"R1C","R1C",3937.00
"R1N","R1N",16641.00
"R2C","R2C",32816.00
"R2E","R2E",9511.00
"R2G","R2G",33874.00
"R2H","R2H",16136.00
"R2J","R2J",26960.00
"R2K","R2K",34345.00
"R2L","R2L",15255.00
"R2M","R2M",38978.00
"R2N","R2N",31384.00
"R2P","R2P",35218.00
"R2R","R2R",25599.00
"R2V","R2V",38204.00
"R2W","R2W",29483.00
"R2X","R2X",19674.00
"R2Y","R2Y",19849.00
"R3A","R3A",5156.00
"R3B","R3B",12545.00
"R3C","R3C",16798.00
"R3E","R3E",19009.00
"R3G","R3G",25200.00
"R3H","R3H",116.00
"R3J","R3J",28343.00
"R3K","R3K",12431.00
"R3L","R3L",20725.00
"R3M","R3M",22203.00
"R3N","R3N",16591.00
"R3P","R3P",20616.00
"R3R","R3R",25743.00
"R3S","R3S",603.00
"R3T","R3T",50190.00
"R3V","R3V",6416.00
"R3W","R3W",16173.00
"R3X","R3X",22304.00
"R3Y","R3Y",33116.00
"R4A","R4A",5471.00
"R4G","R4G",1658.00
"R4H","R4H",3282.00
"R4J","R4J",1049.00
"R4K","R4K",960.00
"R4L","R4L",1350.00
"R5A","R5A",3854.00
"R5G","R5G",25086.00
"R5H","R5H",5033.00
"R5J","R5J",1431.00
"R5K","R5K",6071.00
"R5L","R5L",2251.00
"R5M","R5M",2296.00
"R5N","R5N",5593.00
"R5P","R5P",738.00
"R5R","R5R",1310.00
"R5T","R5T",865.00
"R6M","R6M",11444.00
"R6W","R6W",21551.00
"R7A","R7A",30022.00
"R7B","R7B",22321.00
"R7C","R7C",2870.00
"R7N","R7N",9956.00
"R8A","R8A",5294.00
"R8N","R8N",13294.00
"R9A","R9A",6782.00
"S0A","S0A",52751.00
"S0C","S0C",21738.00
"S0E","S0E",32382.00
"S0G","S0G",65896.00
"S0H","S0H",21972.00
"S0J","S0J",50642.00
"S0K","S0K",90185.00
"S0L","S0L",30490.00
"S0M","S0M",48250.00
"S0N","S0N",21369.00
"S0P","S0P",6464.00
"S2V","S2V",863.00
"S3N","S3N",18635.00
"S4A","S4A",11958.00
"S4H","S4H",11807.00
"S4K","S4K",81.00
"S4L","S4L",5643.00
"S4N","S4N",30983.00
"S4P","S4P",13501.00
"S4R","S4R",34399.00
"S4S","S4S",34562.00
"S4T","S4T",31061.00
"S4V","S4V",33781.00
"S4W","S4W",14378.00
"S4X","S4X",29118.00
"S4Y","S4Y",5669.00
"S4Z","S4Z",1340.00
"S6H","S6H",27554.00
"S6J","S6J",5847.00
"S6K","S6K",1337.00
"S6V","S6V",42147.00
"S6W","S6W",288.00
"S6X","S6X",2521.00
"S7A","S7A",176.00
"S7B","S7B",497.00
"S7C","S7C",1137.00
"S7H","S7H",36818.00
"S7J","S7J",30833.00
"S7K","S7K",39076.00
"S7L","S7L",41123.00
"S7M","S7M",31870.00
"S7N","S7N",27385.00
"S7P","S7P",178.00
"S7R","S7R",8990.00
"S7S","S7S",5730.00
"S7T","S7T",17468.00
"S7V","S7V",16575.00
"S7W","S7W",19204.00
"S9A","S9A",14926.00
"S9H","S9H",18545.00
"S9V","S9V",14463.00
"S9X","S9X",7899.00
"T0A","T0A",57940.00
"T0B","T0B",63070.00
"T0C","T0C",62815.00
"T0E","T0E",40343.00
"T0G","T0G",40682.00
"T0H","T0H",81424.00
"T0J","T0J",50752.00
"T0K","T0K",59088.00
"T0L","T0L",52040.00
"T0M","T0M",66367.00
"T0P","T0P",3085.00
"T1A","T1A",24982.00
"T1B","T1B",32996.00
"T1C","T1C",9405.00
"T1G","T1G",11028.00
"T1H","T1H",27814.00
"T1J","T1J",26220.00
"T1K","T1K",47253.00
"T1L","T1L",7360.00
"T1M","T1M",10056.00
"T1P","T1P",17037.00
"T1R","T1R",17161.00
"T1S","T1S",43512.00
"T1V","T1V",15703.00
"T1W","T1W",17063.00
"T1X","T1X",25295.00
"T1Y","T1Y",52860.00
"T1Z","T1Z",2709.00
"T2A","T2A",57761.00
"T2B","T2B",22530.00
"T2C","T2C",19865.00
"T2E","T2E",36342.00
"T2G","T2G",16594.00
"T2H","T2H",9223.00
"T2J","T2J",41906.00
"T2K","T2K",34673.00
"T2L","T2L",14353.00
"T2M","T2M",20475.00
"T2N","T2N",25807.00
"T2P","T2P",14347.00
"T2R","T2R",17743.00
"T2S","T2S",14781.00
"T2T","T2T",30791.00
"T2V","T2V",32631.00
"T2W","T2W",39827.00
"T2X","T2X",54683.00
"T2Y","T2Y",60196.00
"T2Z","T2Z",69025.00
"T3A","T3A",51236.00
"T3B","T3B",38129.00
"T3C","T3C",24145.00
"T3E","T3E",42336.00
"T3G","T3G",57196.00
"T3H","T3H",72004.00
"T3J","T3J",78834.00
"T3K","T3K",79143.00
"T3L","T3L",30024.00
"T3M","T3M",56701.00
"T3N","T3N",33539.00
"T3P","T3P",27666.00
"T3R","T3R",34957.00
"T3S","T3S",288.00
"T3Z","T3Z",10596.00
"T4A","T4A",19940.00
"T4B","T4B",58053.00
"T4C","T4C",37325.00
"T4E","T4E",5229.00
"T4G","T4G",13368.00
"T4H","T4H",11831.00
"T4J","T4J",11390.00
"T4L","T4L",17145.00
"T4M","T4M",7754.00
"T4N","T4N",30584.00
"T4P","T4P",33759.00
"T4R","T4R",37024.00
"T4S","T4S",20586.00
"T4T","T4T",13296.00
"T4V","T4V",20160.00
"T4X","T4X",26447.00
"T5A","T5A",34427.00
"T5B","T5B",15373.00
"T5C","T5C",15937.00
"T5E","T5E",33607.00
"T5G","T5G",12873.00
"T5H","T5H",25367.00
"T5J","T5J",6288.00
"T5K","T5K",22440.00
"T5L","T5L",16755.00
"T5M","T5M",15462.00
"T5N","T5N",14713.00
"T5P","T5P",20475.00
"T5R","T5R",24643.00
"T5S","T5S",7731.00
"T5T","T5T",77839.00
"T5V","T5V",146.00
"T5W","T5W",20047.00
"T5X","T5X",42643.00
"T5Y","T5Y",54437.00
"T5Z","T5Z",34199.00
"T6A","T6A",14477.00
"T6B","T6B",9291.00
"T6C","T6C",20242.00
"T6E","T6E",22893.00
"T6G","T6G",11502.00
"T6H","T6H",27878.00
"T6J","T6J",45386.00
"T6K","T6K",28047.00
"T6L","T6L",49215.00
"T6M","T6M",33889.00
"T6N","T6N",28.00
"T6P","T6P",1806.00
"T6R","T6R",45153.00
"T6S","T6S",23.00
"T6T","T6T",48823.00
"T6V","T6V",23107.00
"T6W","T6W",83496.00
"T6X","T6X",50392.00
"T6Y","T6Y",232.00
"T7A","T7A",11412.00
"T7E","T7E",13720.00
"T7N","T7N",7176.00
"T7P","T7P",7183.00
"T7S","T7S",11873.00
"T7V","T7V",10315.00
"T7X","T7X",47506.00
"T7Y","T7Y",17057.00
"T7Z","T7Z",18929.00
"T8A","T8A",42146.00
"T8B","T8B",7075.00
"T8C","T8C",4406.00
"T8E","T8E",8247.00
"T8G","T8G",4784.00
"T8H","T8H",31062.00
"T8L","T8L",29258.00
"T8N","T8N",68213.00
"T8R","T8R",15960.00
"T8S","T8S",7930.00
"T8T","T8T",7283.00
"T8V","T8V",31632.00
"T8W","T8W",21556.00
"T8X","T8X",24187.00
"T9A","T9A",15093.00
"T9C","T9C",6656.00
"T9E","T9E",34385.00
"T9G","T9G",6969.00
"T9H","T9H",26075.00
"T9J","T9J",3776.00
"T9K","T9K",40909.00
"T9M","T9M",18238.00
"T9N","T9N",9439.00
"T9S","T9S",6360.00
"T9V","T9V",20751.00
"T9W","T9W",8091.00
"T9X","T9X",5403.00
"V0A","V0A",16077.00
"V0B","V0B",36123.00
"V0C","V0C",26463.00
"V0E","V0E",72013.00
"V0G","V0G",26940.00
"V0H","V0H",58479.00
"V0J","V0J",51918.00
"V0K","V0K",33615.00
"V0L","V0L",4849.00
"V0M","V0M",12420.00
"V0N","V0N",71423.00
"V0P","V0P",7335.00
"V0R","V0R",72310.00
"V0S","V0S",366.00
"V0T","V0T",9032.00
"V0V","V0V",1894.00
"V0W","V0W",503.00
"V0X","V0X",22683.00
"V1A","V1A",9024.00
"V1B","V1B",23425.00
"V1C","V1C",26195.00
"V1E","V1E",21397.00
"V1G","V1G",15116.00
"V1H","V1H",14999.00
"V1J","V1J",24491.00
"V1K","V1K",9352.00
"V1L","V1L",17641.00
"V1M","V1M",31417.00
"V1N","V1N",13357.00
"V1P","V1P",9656.00
"V1R","V1R",10295.00
"V1S","V1S",13262.00
"V1T","V1T",30436.00
"V1V","V1V",26732.00
"V1W","V1W",38374.00
"V1X","V1X",35151.00
"V1Y","V1Y",39050.00
"V1Z","V1Z",16552.00
"V2A","V2A",40489.00
"V2B","V2B",41642.00
"V2C","V2C",27038.00
"V2E","V2E",15962.00
"V2G","V2G",18200.00
"V2H","V2H",7060.00
"V2J","V2J",22680.00
"V2K","V2K",21556.00
"V2L","V2L",10101.00
"V2M","V2M",23763.00
"V2N","V2N",33870.00
"V2P","V2P",39075.00
"V2R","V2R",55505.00
"V2S","V2S",52492.00
"V2T","V2T",60078.00
"V2V","V2V",36155.00
"V2W","V2W",23673.00
"V2X","V2X",50279.00
"V2Y","V2Y",46971.00
"V2Z","V2Z",16209.00
"V3A","V3A",46299.00
"V3B","V3B",61396.00
"V3C","V3C",39448.00
"V3E","V3E",42030.00
"V3G","V3G",26939.00
"V3H","V3H",37339.00
"V3J","V3J",44558.00
"V3K","V3K",31181.00
"V3L","V3L",30988.00
"V3M","V3M",47927.00
"V3N","V3N",41405.00
"V3R","V3R",61436.00
"V3S","V3S",104997.00
"V3T","V3T",45514.00
"V3V","V3V",50873.00
"V3W","V3W",95970.00
"V3X","V3X",33054.00
"V3Y","V3Y",19414.00
"V3Z","V3Z",38837.00
"V4A","V4A",38036.00
"V4B","V4B",21828.00
"V4C","V4C",48434.00
"V4E","V4E",12280.00
"V4G","V4G",72.00
"V4K","V4K",25193.00
"V4L","V4L",7874.00
"V4M","V4M",16805.00
"V4N","V4N",86011.00
"V4P","V4P",13950.00
"V4R","V4R",17038.00
"V4S","V4S",7922.00
"V4T","V4T",31700.00
"V4V","V4V",17726.00
"V4W","V4W",21246.00
"V4X","V4X",14365.00
"V4Z","V4Z",5777.00
"V5A","V5A",25403.00
"V5B","V5B",22577.00
"V5C","V5C",37684.00
"V5E","V5E",26843.00
"V5G","V5G",20137.00
"V5H","V5H",41948.00
"V5J","V5J",23190.00
"V5K","V5K",23431.00
"V5L","V5L",19473.00
"V5M","V5M",23412.00
"V5N","V5N",35843.00
"V5P","V5P",31624.00
"V5R","V5R",48150.00
"V5S","V5S",32940.00
"V5T","V5T",26340.00
"V5V","V5V",24288.00
"V5W","V5W",20828.00
"V5X","V5X",31095.00
"V5Y","V5Y",19032.00
"V5Z","V5Z",24957.00
"V6A","V6A",21062.00
"V6B","V6B",32375.00
"V6C","V6C",2846.00
"V6E","V6E",27482.00
"V6G","V6G",28013.00
"V6H","V6H",17742.00
"V6J","V6J",23044.00
"V6K","V6K",27146.00
"V6L","V6L",10563.00
"V6M","V6M",16421.00
"V6N","V6N",14258.00
"V6P","V6P",33079.00
"V6R","V6R",19170.00
"V6S","V6S",15711.00
"V6T","V6T",12048.00
"V6V","V6V",11096.00
"V6W","V6W",2439.00
"V6X","V6X",41321.00
"V6Y","V6Y",49221.00
"V6Z","V6Z",20683.00
"V7A","V7A",26533.00
"V7B","V7B",820.00
"V7C","V7C",40708.00
"V7E","V7E",37803.00
"V7G","V7G",11851.00
"V7H","V7H",12430.00
"V7J","V7J",17865.00
"V7K","V7K",12586.00
"V7L","V7L",29248.00
"V7M","V7M",23086.00
"V7N","V7N",15150.00
"V7P","V7P",13710.00
"V7R","V7R",15585.00
"V7S","V7S",11141.00
"V7T","V7T",9891.00
"V7V","V7V",15241.00
"V7W","V7W",8698.00
"V7Z","V7Z",203.00
"V8A","V8A",19133.00
"V8B","V8B",17677.00
"V8C","V8C",8236.00
"V8E","V8E",13788.00
"V8G","V8G",19606.00
"V8J","V8J",12344.00
"V8K","V8K",11635.00
"V8L","V8L",25107.00
"V8M","V8M",16687.00
"V8N","V8N",26049.00
"V8P","V8P",18418.00
"V8R","V8R",24074.00
"V8S","V8S",17294.00
"V8T","V8T",21343.00
"V8V","V8V",28430.00
"V8W","V8W",6459.00
"V8X","V8X",24227.00
"V8Y","V8Y",10134.00
"V8Z","V8Z",32137.00
"V9A","V9A",39759.00
"V9B","V9B",53952.00
"V9C","V9C",27886.00
"V9E","V9E",5341.00
"V9G","V9G",15885.00
"V9H","V9H",10137.00
"V9J","V9J",9385.00
"V9K","V9K",16688.00
"V9L","V9L",36520.00
"V9M","V9M",18470.00
"V9N","V9N",32956.00
"V9P","V9P",27708.00
"V9R","V9R",31992.00
"V9S","V9S",17977.00
"V9T","V9T",36952.00
"V9V","V9V",11300.00
"V9W","V9W",30783.00
"V9X","V9X",11345.00
"V9Y","V9Y",26445.00
"V9Z","V9Z",20131.00
"X0A","X0A",19355.00
"X0B","X0B",6476.00
"X0C","X0C",11027.00
"X0E","X0E",19798.00
"X0G","X0G",468.00
"X1A","X1A",20804.00
"Y0A","Y0A",1657.00
"Y0B","Y0B",7481.00
"Y1A","Y1A",31094.00
